canonical_id,group
003V50000066tUsIAI,Group 3 - Investigate
003V50000066tW0IAI,Group 3 - Investigate
003V50000066x6YIAQ,Group 3 - Investigate
003V50000066x6bIAA,Group 3 - Investigate
003V50000066x6cIAA,Group 3 - Investigate
003V50000066x6dIAA,Group 3 - Investigate
003V50000066x6eIAA,Group 3 - Investigate
003V50000066zatIAA,Group 3 - Investigate
003V50000066zpQIAQ,Group 3 - Investigate
003V50000066zpkIAA,Group 3 - Investigate
003V50000066zq2IAA,Group 3 - Investigate
003V500000670KEIAY,Group 3 - Investigate
003V500000673d9IAA,Group 3 - Investigate
003V500000675QbIAI,Group 3 - Investigate
003V500000676cvIAA,Group 3 - Investigate
003V500000677fpIAA,Group 3 - Investigate
003V500000678O6IAI,Group 3 - Investigate
003V500000679GlIAI,Group 3 - Investigate
003V500000679YZIAY,Group 3 - Investigate
003V50000067B4oIAE,Group 3 - Investigate
003V50000067B4qIAE,Group 3 - Investigate
003V50000067BMbIAM,Group 3 - Investigate
003V50000067BljIAE,Group 3 - Investigate
003V50000067C4tIAE,Group 3 - Investigate
003V50000067C6oIAE,Group 3 - Investigate
003V50000067CkHIAU,Group 3 - Investigate
003V50000067CkgIAE,Group 3 - Investigate
003V50000067Cs7IAE,Group 3 - Investigate
003V50000067CtmIAE,Group 3 - Investigate
003V50000067DPBIA2,Group 3 - Investigate
003V50000067Db2IAE,Group 3 - Investigate
003V50000067DhvIAE,Group 3 - Investigate
003V50000067Di0IAE,Group 3 - Investigate
003V50000067DiMIAU,Group 3 - Investigate
003V50000067EnJIAU,Group 3 - Investigate
003V50000067G1ZIAU,Group 3 - Investigate
003V50000067GpiIAE,Group 3 - Investigate
003V50000067GsxIAE,Group 3 - Investigate
003V50000067H04IAE,Group 3 - Investigate
003V50000067H2YIAU,Group 3 - Investigate
003V50000067H2kIAE,Group 3 - Investigate
003V50000067H3fIAE,Group 3 - Investigate
003V50000067HVNIA2,Group 3 - Investigate
003V50000067J3JIAU,Group 3 - Investigate
003V50000067JDFIA2,Group 3 - Investigate
003V50000067JFCIA2,Group 3 - Investigate
003V50000067JHAIA2,Group 3 - Investigate
003V50000067JPeIAM,Group 3 - Investigate
003V50000067JqSIAU,Group 3 - Investigate
003V50000067JvQIAU,Group 3 - Investigate
003V50000067KEOIA2,Group 3 - Investigate
003V50000067KOGIA2,Group 3 - Investigate
003V50000067KvDIAU,Group 3 - Investigate
003V50000067M7FIAU,Group 3 - Investigate
003V50000067M7MIAU,Group 3 - Investigate
003V50000067MNjIAM,Group 3 - Investigate
003V50000067MNsIAM,Group 3 - Investigate
003V50000067MNyIAM,Group 3 - Investigate
003V50000067MkMIAU,Group 3 - Investigate
003V50000067MkeIAE,Group 3 - Investigate
003V50000067MoYIAU,Group 3 - Investigate
003V50000067MpQIAU,Group 3 - Investigate
003V50000067MwnIAE,Group 3 - Investigate
003V50000067Mx9IAE,Group 3 - Investigate
003V50000067N1OIAU,Group 3 - Investigate
003V50000067NWDIA2,Group 3 - Investigate
003V50000067NWNIA2,Group 3 - Investigate
003V50000067NZ1IAM,Group 3 - Investigate
003V50000067NaqIAE,Group 3 - Investigate
003V50000067OE4IAM,Group 3 - Investigate
003V50000067ON3IAM,Group 3 - Investigate
003V50000067OSAIA2,Group 3 - Investigate
003V50000067OSMIA2,Group 3 - Investigate
003V50000067OXaIAM,Group 3 - Investigate
003V50000067Oz2IAE,Group 3 - Investigate
003V50000067OzBIAU,Group 3 - Investigate
003V50000067P5vIAE,Group 3 - Investigate
003V50000067PC5IAM,Group 3 - Investigate
003V50000067PzmIAE,Group 3 - Investigate
003V50000067PzuIAE,Group 3 - Investigate
003V50000067PzyIAE,Group 3 - Investigate
003V50000067PzzIAE,Group 3 - Investigate
003V50000067Q5UIAU,Group 3 - Investigate
003V50000067Q9eIAE,Group 3 - Investigate
003V50000067QABIA2,Group 3 - Investigate
003V50000067QAIIA2,Group 3 - Investigate
003V50000067QD7IAM,Group 3 - Investigate
003V50000067R7aIAE,Group 3 - Investigate
003V50000067RD7IAM,Group 3 - Investigate
003V50000067RNwIAM,Group 3 - Investigate
003V50000067RO4IAM,Group 3 - Investigate
003V50000067TCWIA2,Group 3 - Investigate
003V50000067TCXIA2,Group 3 - Investigate
003V50000067TTbIAM,Group 3 - Investigate
003V50000067TTfIAM,Group 3 - Investigate
003V50000067TUeIAM,Group 3 - Investigate
003V50000067TUfIAM,Group 3 - Investigate
003V50000067TUqIAM,Group 3 - Investigate
003V50000067Tc0IAE,Group 3 - Investigate
003V50000067UFnIAM,Group 3 - Investigate
003V50000067VVeIAM,Group 3 - Investigate
003V50000067VVgIAM,Group 3 - Investigate
003V50000067VViIAM,Group 3 - Investigate
003V50000067VVmIAM,Group 3 - Investigate
003V50000067WDfIAM,Group 3 - Investigate
003V50000067WHTIA2,Group 3 - Investigate
003V50000067WL7IAM,Group 3 - Investigate
003V50000067WVOIA2,Group 3 - Investigate
003V50000067WVcIAM,Group 3 - Investigate
003V50000067WeBIAU,Group 3 - Investigate
003V50000067WeIIAU,Group 3 - Investigate
003V50000067WtwIAE,Group 3 - Investigate
003V50000067XOmIAM,Group 3 - Investigate
003V50000067XiLIAU,Group 3 - Investigate
003V50000067XjDIAU,Group 3 - Investigate
003V50000067Xp6IAE,Group 3 - Investigate
003V50000067XxRIAU,Group 3 - Investigate
003V50000067Y7sIAE,Group 3 - Investigate
003V50000067YJwIAM,Group 3 - Investigate
003V50000067YJzIAM,Group 3 - Investigate
003V50000067YKKIA2,Group 3 - Investigate
003V50000067YPpIAM,Group 3 - Investigate
003V50000067YfwIAE,Group 3 - Investigate
003V50000067Z8NIAU,Group 3 - Investigate
003V50000067ZagIAE,Group 3 - Investigate
003V50000067axMIAQ,Group 3 - Investigate
003V50000067bJqIAI,Group 3 - Investigate
003V50000067bJzIAI,Group 3 - Investigate
003V50000067bNiIAI,Group 3 - Investigate
003V50000067baTIAQ,Group 3 - Investigate
003V50000067cNNIAY,Group 3 - Investigate
003V50000067cQEIAY,Group 3 - Investigate
003V50000067cQRIAY,Group 3 - Investigate
003V50000067cVxIAI,Group 3 - Investigate
003V50000067cVyIAI,Group 3 - Investigate
003V50000067d3VIAQ,Group 3 - Investigate
003V50000067djvIAA,Group 3 - Investigate
003V50000067dk6IAA,Group 3 - Investigate
003V50000067dkCIAQ,Group 3 - Investigate
003V50000067dxLIAQ,Group 3 - Investigate
003V50000067e14IAA,Group 3 - Investigate
003V50000067eAYIAY,Group 3 - Investigate
003V50000067eIkIAI,Group 3 - Investigate
003V50000067eKZIAY,Group 3 - Investigate
003V50000067eKdIAI,Group 3 - Investigate
003V50000067eKeIAI,Group 3 - Investigate
003V50000067eKlIAI,Group 3 - Investigate
003V50000067eP5IAI,Group 3 - Investigate
003V50000067eP8IAI,Group 3 - Investigate
003V50000067eRAIAY,Group 3 - Investigate
003V50000067eRoIAI,Group 3 - Investigate
003V50000067eRyIAI,Group 3 - Investigate
003V50000067eS0IAI,Group 3 - Investigate
003V50000067eV7IAI,Group 3 - Investigate
003V50000067eVLIAY,Group 3 - Investigate
003V50000067fmrIAA,Group 3 - Investigate
003V50000067fnEIAQ,Group 3 - Investigate
003V50000067gFQIAY,Group 3 - Investigate
003V50000067gFSIAY,Group 3 - Investigate
003V50000067gIXIAY,Group 3 - Investigate
003V50000067gIcIAI,Group 3 - Investigate
003V50000067gVYIAY,Group 3 - Investigate
003V50000067gVfIAI,Group 3 - Investigate
003V50000067gWEIAY,Group 3 - Investigate
003V50000067gWlIAI,Group 3 - Investigate
003V50000067gWwIAI,Group 3 - Investigate
003V50000067gZLIAY,Group 3 - Investigate
003V50000067hJ2IAI,Group 3 - Investigate
003V50000067iMBIAY,Group 3 - Investigate
003V50000067iMEIAY,Group 3 - Investigate
003V50000067iMNIAY,Group 3 - Investigate
003V50000067iPjIAI,Group 3 - Investigate
003V50000067ivKIAQ,Group 3 - Investigate
003V50000067jYVIAY,Group 3 - Investigate
003V50000067jgiIAA,Group 3 - Investigate
003V50000067kcEIAQ,Group 3 - Investigate
003V50000067kcIIAQ,Group 3 - Investigate
003V50000067kcKIAQ,Group 3 - Investigate
003V50000067l4QIAQ,Group 3 - Investigate
003V50000067lIPIAY,Group 3 - Investigate
003V50000067lVDIAY,Group 3 - Investigate
003V50000067lxuIAA,Group 3 - Investigate
003V50000067n2RIAQ,Group 3 - Investigate
003V50000067qY3IAI,Group 3 - Investigate
003V50000067qazIAA,Group 3 - Investigate
003V50000067qb6IAA,Group 3 - Investigate
003V50000067relIAA,Group 3 - Investigate
003V50000067reyIAA,Group 3 - Investigate
003V50000067t3gIAA,Group 3 - Investigate
003V50000067uElIAI,Group 3 - Investigate
003V50000067uEmIAI,Group 3 - Investigate
003V50000067vUdIAI,Group 3 - Investigate
003V50000067vUeIAI,Group 3 - Investigate
003V50000067wnRIAQ,Group 3 - Investigate
003V50000067woMIAQ,Group 3 - Investigate
003V50000067woTIAQ,Group 3 - Investigate
003V50000067woXIAQ,Group 3 - Investigate
003V50000067xFUIAY,Group 3 - Investigate
003V50000067xJGIAY,Group 3 - Investigate
003V50000067xJLIAY,Group 3 - Investigate
003V50000067xlQIAQ,Group 3 - Investigate
003V50000067yRTIAY,Group 3 - Investigate
003V50000067yRfIAI,Group 3 - Investigate
003V50000067z8AIAQ,Group 3 - Investigate
003V50000067z9oIAA,Group 3 - Investigate
003V50000067zP2IAI,Group 3 - Investigate
003V5000006801WIAQ,Group 3 - Investigate
003V5000006804gIAA,Group 3 - Investigate
003V500000680fVIAQ,Group 3 - Investigate
003V50000068113IAA,Group 3 - Investigate
003V50000068114IAA,Group 3 - Investigate
003V500000682AyIAI,Group 3 - Investigate
003V500000683kwIAA,Group 3 - Investigate
003V500000683lrIAA,Group 3 - Investigate
003V5000006841YIAQ,Group 3 - Investigate
003V500000684mnIAA,Group 3 - Investigate
003V500000684n1IAA,Group 3 - Investigate
003V500000685A0IAI,Group 3 - Investigate
003V500000685JDIAY,Group 3 - Investigate
003V5000008Dct8IAC,Group 3 - Investigate
003V5000008DfoOIAS,Group 3 - Investigate
003V5000008DhDrIAK,Group 3 - Investigate
003V5000008DhDuIAK,Group 3 - Investigate
003V5000008DhE1IAK,Group 3 - Investigate
003V5000008DkaNIAS,Group 3 - Investigate
003V5000008DktDIAS,Group 3 - Investigate
003V5000008gDibIAE,Group 3 - Investigate
003V5000008vmY9IAI,Group 3 - Investigate
003V5000009IFWeIAO,Group 3 - Investigate
003V5000009Qz4OIAS,Group 3 - Investigate
003V500000AC9ucIAD,Group 3 - Investigate
003V500000Ai2oMIAR,Group 3 - Investigate
003V500000BJEc1IAH,Group 3 - Investigate
003V500000Bchx1IAB,Group 3 - Investigate
003V500000BiBawIAF,Group 3 - Investigate
003V500000C6B8YIAV,Group 3 - Investigate
003V500000Cke3fIAB,Group 3 - Investigate
003V500000Clu1SIAR,Group 3 - Investigate
003V500000CoDuTIAV,Group 3 - Investigate
003V500000CoDuUIAV,Group 3 - Investigate
003V500000CsjPRIAZ,Group 3 - Investigate
003V500000CsmokIAB,Group 3 - Investigate
003V500000D4kxfIAB,Group 3 - Investigate
003V500000DC76LIAT,Group 3 - Investigate
003V500000DaZEHIA3,Group 3 - Investigate
003V500000DvMkKIAV,Group 3 - Investigate
003V500000E5VBCIA3,Group 3 - Investigate
003V500000E8J8kIAF,Group 3 - Investigate
003V500000E8RmDIAV,Group 3 - Investigate
003V500000E8msGIAR,Group 3 - Investigate
003V500000E8sJMIAZ,Group 3 - Investigate
003V500000E8sKwIAJ,Group 3 - Investigate
003V500000E8sT8IAJ,Group 3 - Investigate
003V500000E8srDIAR,Group 3 - Investigate
003V500000E8u50IAB,Group 3 - Investigate
003V500000E8uJWIAZ,Group 3 - Investigate
003V500000E8uOLIAZ,Group 3 - Investigate
003V500000E8uY1IAJ,Group 3 - Investigate
003V500000E8uZdIAJ,Group 3 - Investigate
003V500000E8umXIAR,Group 3 - Investigate
003V500000EMTWXIA5,Group 3 - Investigate
003V500000EYSoGIAX,Group 3 - Investigate
003V500000EdcQaIAJ,Group 3 - Investigate
003V500000EwBMRIA3,Group 3 - Investigate
003V500000FvnoFIAR,Group 3 - Investigate
003V500000GCfw0IAD,Group 3 - Investigate
003V500000GFXdcIAH,Group 3 - Investigate
003V500000GgzynIAB,Group 3 - Investigate
003V500000GlA4WIAV,Group 3 - Investigate
003V500000GleaLIAR,Group 3 - Investigate
003V500000GlhOTIAZ,Group 3 - Investigate
003V500000GljN7IAJ,Group 3 - Investigate
003V500000GydGbIAJ,Group 3 - Investigate
003V500000H7cINIAZ,Group 3 - Investigate
003V500000HLK8kIAH,Group 3 - Investigate
003V500000HSQU5IAP,Group 3 - Investigate
003V500000HZk7sIAD,Group 3 - Investigate
003V500000Hj17vIAB,Group 3 - Investigate
003V500000I4RSIIA3,Group 3 - Investigate
003V500000I4tF3IAJ,Group 3 - Investigate
003V500000IAfSwIAL,Group 3 - Investigate
003V500000ISOV1IAP,Group 3 - Investigate
003V500000ISPvbIAH,Group 3 - Investigate
003V500000ISXOVIA5,Group 3 - Investigate
003V500000IVZoqIAH,Group 3 - Investigate
003V500000IdmLlIAJ,Group 3 - Investigate
003V500000Ijr7wIAB,Group 3 - Investigate
003V500000IjsGQIAZ,Group 3 - Investigate
003V500000Ikk5ZIAR,Group 3 - Investigate
003V500000IooIcIAJ,Group 3 - Investigate
003V500000IwGzpIAF,Group 3 - Investigate
003V500000J6nhRIAR,Group 3 - Investigate
003V500000JBZ9BIAX,Group 3 - Investigate
003V500000JGfdnIAD,Group 3 - Investigate
003V500000JY3YWIA1,Group 3 - Investigate
003V500000JY3YXIA1,Group 3 - Investigate
003V500000JYFrLIAX,Group 3 - Investigate
003V500000JYRayIAH,Group 3 - Investigate
003V500000JhAFlIAN,Group 3 - Investigate
003V500000JhApHIAV,Group 3 - Investigate
003V500000JhGUnIAN,Group 3 - Investigate
003V500000JhIpxIAF,Group 3 - Investigate
003V500000JhO91IAF,Group 3 - Investigate
003V500000JoCKvIAN,Group 3 - Investigate
003V500000JoTGnIAN,Group 3 - Investigate
003V500000K271eIAB,Group 3 - Investigate
003V500000K34uoIAB,Group 3 - Investigate
003V500000KDG8VIAX,Group 3 - Investigate
003V500000KDG8WIAX,Group 3 - Investigate
003V500000KDH6BIAX,Group 3 - Investigate
003V500000KGVDkIAP,Group 3 - Investigate
003V500000KGVDlIAP,Group 3 - Investigate
003V500000KJA8FIAX,Group 3 - Investigate
003V500000KJBxBIAX,Group 3 - Investigate
003V500000KJGf4IAH,Group 3 - Investigate
003V500000KJQBNIA5,Group 3 - Investigate
003V500000KRrfzIAD,Group 3 - Investigate
003V500000KS34NIAT,Group 3 - Investigate
003V500000Ke2fWIAR,Group 3 - Investigate
003V500000KeEO1IAN,Group 3 - Investigate
003V500000KeJ8UIAV,Group 3 - Investigate
003V500000KmIDfIAN,Group 3 - Investigate
003V500000KqdcyIAB,Group 3 - Investigate
003V500000Kqu0zIAB,Group 3 - Investigate
003V500000Kqu2dIAB,Group 3 - Investigate
003V500000KquFVIAZ,Group 3 - Investigate
003V500000L3g6gIAB,Group 3 - Investigate
003V500000L6hZJIAZ,Group 3 - Investigate
003V500000L9QP9IAN,Group 3 - Investigate
003V500000L9b97IAB,Group 3 - Investigate
003V500000LH32ZIAT,Group 3 - Investigate
003V500000LS3jhIAD,Group 3 - Investigate
003V500000LwzVKIAZ,Group 3 - Investigate
003V500000M8curIAB,Group 3 - Investigate
003V500000M8knPIAR,Group 3 - Investigate
003V500000MHUUrIAP,Group 3 - Investigate
003V500000MIGpqIAH,Group 3 - Investigate
003V500000MQ37OIAT,Group 3 - Investigate
003V500000MW8c5IAD,Group 3 - Investigate
003V500000MifseIAB,Group 3 - Investigate
003V500000N3AP2IAN,Group 3 - Investigate
003V500000N3waDIAR,Group 3 - Investigate
003V500000N4FxmIAF,Group 3 - Investigate
003V500000N4zhBIAR,Group 3 - Investigate
003V500000NEqsmIAD,Group 3 - Investigate
003V500000NG1vrIAD,Group 3 - Investigate
003V500000NKA4UIAX,Group 3 - Investigate
003V500000NMcJIIA1,Group 3 - Investigate
003V500000NarYSIAZ,Group 3 - Investigate
003V500000O095hIAB,Group 3 - Investigate
003V500000O12VoIAJ,Group 3 - Investigate
003V500000O55e0IAB,Group 3 - Investigate
003V500000OAktSIAT,Group 3 - Investigate
003V500000OF2i5IAD,Group 3 - Investigate
003V500000OFipQIAT,Group 3 - Investigate
003V500000Oi8aUIAR,Group 3 - Investigate
003V500000OipifIAB,Group 3 - Investigate
003V500000Om50DIAR,Group 3 - Investigate
003V500000P1UfDIAV,Group 3 - Investigate
003V500000PIFrsIAH,Group 3 - Investigate
003V500000Pcw03IAB,Group 3 - Investigate
003V500000Py9V4IAJ,Group 3 - Investigate
003V500000Q2l5WIAR,Group 3 - Investigate
003V500000QCvl8IAD,Group 3 - Investigate
003V500000QN9A6IAL,Group 3 - Investigate
003V500000QOJKQIA5,Group 3 - Investigate
003V500000QVVzrIAH,Group 3 - Investigate
003V500000QWoKTIA1,Group 3 - Investigate
003V500000QiwUSIAZ,Group 3 - Investigate
003V500000QmzNDIAZ,Group 3 - Investigate
003V500000Qn4l5IAB,Group 3 - Investigate
003V500000Qn7XdIAJ,Group 3 - Investigate
003V500000R5XOpIAN,Group 3 - Investigate
003V500000RIvhzIAD,Group 3 - Investigate
003V500000RJ5dyIAD,Group 3 - Investigate
003V500000RJ85aIAD,Group 3 - Investigate
003V500000RoFuDIAV,Group 3 - Investigate
003V500000RqaMPIAZ,Group 3 - Investigate
003V500000RquY7IAJ,Group 3 - Investigate
003V500000RrMKoIAN,Group 3 - Investigate
003V500000Rtys2IAB,Group 3 - Investigate
003V500000RvS9mIAF,Group 3 - Investigate
003V500000RvUZsIAN,Group 3 - Investigate
003V500000RvWbbIAF,Group 3 - Investigate
003V500000RvWe6IAF,Group 3 - Investigate
003V500000RvX1MIAV,Group 3 - Investigate
003V500000RvZPiIAN,Group 3 - Investigate
003V500000Rvb40IAB,Group 3 - Investigate
003V500000RvbNRIAZ,Group 3 - Investigate
003V500000RvcNZIAZ,Group 3 - Investigate
003V500000RvcNaIAJ,Group 3 - Investigate
003V500000RvcNbIAJ,Group 3 - Investigate
003V500000RvcW3IAJ,Group 3 - Investigate
003V500000RvdI2IAJ,Group 3 - Investigate
003V500000RvdQ7IAJ,Group 3 - Investigate
003V500000Rvf5LIAR,Group 3 - Investigate
003V500000RvfV8IAJ,Group 3 - Investigate
003V500000RvgRBIAZ,Group 3 - Investigate
003V500000Rvh8jIAB,Group 3 - Investigate
003V500000RxJK4IAN,Group 3 - Investigate
003V500000Ry2BEIAZ,Group 3 - Investigate
003V500000Ry4M9IAJ,Group 3 - Investigate
003V500000RyludIAB,Group 3 - Investigate
003V500000S6t6dIAB,Group 3 - Investigate
003V500000SD36SIAT,Group 3 - Investigate
003V500000SQU3yIAH,Group 3 - Investigate
003V500000SU4z1IAD,Group 3 - Investigate
003V500000SU78nIAD,Group 3 - Investigate
003V500000SUB2jIAH,Group 3 - Investigate
003V500000Sas9qIAB,Group 3 - Investigate
003V500000SatsJIAR,Group 3 - Investigate
003V500000ShbDuIAJ,Group 3 - Investigate
003V500000SpvQlIAJ,Group 3 - Investigate
003V500000SsshwIAB,Group 3 - Investigate
003V500000TES8cIAH,Group 3 - Investigate
003V500000TEVHlIAP,Group 3 - Investigate
003V500000TGJW1IAP,Group 3 - Investigate
003V500000TGMvGIAX,Group 3 - Investigate
003V500000TLpYLIA1,Group 3 - Investigate
003V500000TOc3RIAT,Group 3 - Investigate
003V500000TV6mqIAD,Group 3 - Investigate
003V500000TVCPGIA5,Group 3 - Investigate
003V500000TZCTqIAP,Group 3 - Investigate
003V500000TZCTrIAP,Group 3 - Investigate
003V500000TZCTsIAP,Group 3 - Investigate
003V500000TZCTtIAP,Group 3 - Investigate
003V500000TmKqEIAV,Group 3 - Investigate
003V500000TmMqNIAV,Group 3 - Investigate
003V500000TmUCpIAN,Group 3 - Investigate
003V500000TmVQbIAN,Group 3 - Investigate
003V500000TmVjxIAF,Group 3 - Investigate
003V500000TmW6XIAV,Group 3 - Investigate
003V500000TrUYjIAN,Group 3 - Investigate
003V500000Tyj0EIAR,Group 3 - Investigate
003V500000U5wJqIAJ,Group 3 - Investigate
003V500000UK4UPIA1,Group 3 - Investigate
003V500000UPfziIAD,Group 3 - Investigate
003V500000UdmS5IAJ,Group 3 - Investigate
003V500000UrCulIAF,Group 3 - Investigate
003V500000UrDxCIAV,Group 3 - Investigate
003V500000UrF2vIAF,Group 3 - Investigate
003V500000UrGN8IAN,Group 3 - Investigate
003V500000UrHXiIAN,Group 3 - Investigate
003V500000UrLhnIAF,Group 3 - Investigate
003V500000UrLt3IAF,Group 3 - Investigate
003V500000UrMVlIAN,Group 3 - Investigate
003V500000UrMh3IAF,Group 3 - Investigate
003V500000Us5nrIAB,Group 3 - Investigate
003V500000Vqf2DIAR,Group 3 - Investigate
003V500000VqfyDIAR,Group 3 - Investigate
003V500000VqqjpIAB,Group 3 - Investigate
003V500000Vr1YpIAJ,Group 3 - Investigate
003V500000Vr7pXIAR,Group 3 - Investigate
003V500000W50WXIAZ,Group 3 - Investigate
003V500000Wt5kcIAB,Group 3 - Investigate
003V500000XEUOEIA5,Group 3 - Investigate
003V500000XmjHZIAZ,Group 3 - Investigate
003V500000XnN26IAF,Group 3 - Investigate
003V500000XwrYxIAJ,Group 3 - Investigate
003V500000YINCHIA5,Group 3 - Investigate
003V500000YIWc9IAH,Group 3 - Investigate
003V500000YIuRcIAL,Group 3 - Investigate
003V500000YWcBRIA1,Group 3 - Investigate
003V500000YiIP5IAN,Group 3 - Investigate
003V500000YvZ5WIAV,Group 3 - Investigate
003V500000ZUfcfIAD,Group 3 - Investigate
003V500000a68RFIAY,Group 3 - Investigate
003V500000aPwqbIAC,Group 3 - Investigate
003V500000apyzvIAA,Group 3 - Investigate
003V500000aq86PIAQ,Group 3 - Investigate
003V500000bJJ6WIAW,Group 3 - Investigate
003V500000bR7t5IAC,Group 3 - Investigate
003V500000bRJhBIAW,Group 3 - Investigate
003V500000bRKewIAG,Group 3 - Investigate
003V500000btPyEIAU,Group 3 - Investigate
003V500000c2mDyIAI,Group 3 - Investigate
003V500000c5iQmIAI,Group 3 - Investigate
003V500000c6IdtIAE,Group 3 - Investigate
003V500000cSZubIAG,Group 3 - Investigate
003V500000cVuOMIA0,Group 3 - Investigate
003V500000cVzVyIAK,Group 3 - Investigate
003V500000cmDWcIAM,Group 3 - Investigate
003V500000cmDWdIAM,Group 3 - Investigate
003V500000cqtYqIAI,Group 3 - Investigate
003V500000d9VJ6IAM,Group 3 - Investigate
003V500000dBljeIAC,Group 3 - Investigate
003V500000dBnBsIAK,Group 3 - Investigate
003V500000dBw1lIAC,Group 3 - Investigate
003V500000dC1wMIAS,Group 3 - Investigate
003V500000dC9ttIAC,Group 3 - Investigate
003V500000dJaCfIAK,Group 3 - Investigate
003V500000dPHc7IAG,Group 3 - Investigate
003V500000drrZDIAY,Group 3 - Investigate
003V500000dyjdJIAQ,Group 3 - Investigate
003V500000dyjdKIAQ,Group 3 - Investigate
003V500000eAlWiIAK,Group 3 - Investigate
003V500000eAr2XIAS,Group 3 - Investigate
003V500000eAxCjIAK,Group 3 - Investigate
003V500000eZRkfIAG,Group 3 - Investigate
003V500000fN6BcIAK,Group 3 - Investigate
003V500000fNnenIAC,Group 3 - Investigate
003V500000fWDnKIAW,Group 3 - Investigate
003V500000fZ7DaIAK,Group 3 - Investigate
003V500000fZ7dLIAS,Group 3 - Investigate
003V500000fnkzlIAA,Group 3 - Investigate
003V500000folnJIAQ,Group 3 - Investigate
003V500000fqOhlIAE,Group 3 - Investigate
003V500000fyIdaIAE,Group 3 - Investigate
003V500000g6IDOIA2,Group 3 - Investigate
003V500000g7a8EIAQ,Group 3 - Investigate
003V500000g7dBOIAY,Group 3 - Investigate
003V500000g7iFWIAY,Group 3 - Investigate
003V500000gBHiCIAW,Group 3 - Investigate
003V500000gGBsLIAW,Group 3 - Investigate
003V500000gMpN6IAK,Group 3 - Investigate
003V500000gOK5SIAW,Group 3 - Investigate
003V500000gOOaTIAW,Group 3 - Investigate
003V500000gOSSoIAO,Group 3 - Investigate
003V500000gP2ZbIAK,Group 3 - Investigate
003V500000ghGuCIAU,Group 3 - Investigate
003V500000gmxlcIAA,Group 3 - Investigate
003V500000hBGblIAG,Group 3 - Investigate
003V500000hFKgnIAG,Group 3 - Investigate
003V500000hOL2YIAW,Group 3 - Investigate
003V500000hSIVuIAO,Group 3 - Investigate
003V500000heNrbIAE,Group 3 - Investigate
003V500000hhnXrIAI,Group 3 - Investigate
003V500000hyofWIAQ,Group 3 - Investigate
003V500000i4YueIAE,Group 3 - Investigate
003V500000iJAojIAG,Group 3 - Investigate
003V500000ilCdtIAE,Group 3 - Investigate
00QV5000006MvQSMA0,Group 3 - Investigate
00QV5000006N5nlMAC,Group 3 - Investigate
00QV5000006N6TpMAK,Group 3 - Investigate
00QV5000006N6ZUMA0,Group 3 - Investigate
00QV5000006N6ZmMAK,Group 3 - Investigate
00QV5000006N6neMAC,Group 3 - Investigate
00QV5000006N6seMAC,Group 3 - Investigate
00QV5000006N6xHMAS,Group 3 - Investigate
00QV5000006N6zDMAS,Group 3 - Investigate
00QV5000006N6zJMAS,Group 3 - Investigate
00QV5000006N6zZMAS,Group 3 - Investigate
00QV5000006N6zfMAC,Group 3 - Investigate
00QV5000006N72kMAC,Group 3 - Investigate
00QV5000006N73SMAS,Group 3 - Investigate
00QV5000006N7CLMA0,Group 3 - Investigate
00QV5000006N7e6MAC,Group 3 - Investigate
00QV5000006N7hAMAS,Group 3 - Investigate
00QV5000006N7hFMAS,Group 3 - Investigate
00QV5000006N7iLMAS,Group 3 - Investigate
00QV5000006N7nCMAS,Group 3 - Investigate
00QV5000006N7svMAC,Group 3 - Investigate
00QV5000006N7tqMAC,Group 3 - Investigate
00QV5000006N86PMAS,Group 3 - Investigate
00QV5000006N88oMAC,Group 3 - Investigate
00QV5000006N89UMAS,Group 3 - Investigate
00QV5000006N8AOMA0,Group 3 - Investigate
00QV5000008I4lEMAS,Group 3 - Investigate
00QV5000008KYovMAG,Group 3 - Investigate
00QV5000008U2CgMAK,Group 3 - Investigate
00QV5000008U2CjMAK,Group 3 - Investigate
00QV5000008U2CpMAK,Group 3 - Investigate
00QV5000008U2CrMAK,Group 3 - Investigate
00QV5000008U2CsMAK,Group 3 - Investigate
00QV5000008U2CtMAK,Group 3 - Investigate
00QV5000008U2CvMAK,Group 3 - Investigate
00QV5000008U2CwMAK,Group 3 - Investigate
00QV5000008U2CxMAK,Group 3 - Investigate
00QV5000008U2CzMAK,Group 3 - Investigate
00QV5000008U2D0MAK,Group 3 - Investigate
00QV5000009RNEjMAO,Group 3 - Investigate
00QV5000009UOcSMAW,Group 3 - Investigate
00QV5000009uLlXMAU,Group 3 - Investigate
00QV500000AhKlhMAF,Group 3 - Investigate
00QV500000BXddmMAD,Group 3 - Investigate
00QV500000Bt9IuMAJ,Group 3 - Investigate
00QV500000CMbWgMAL,Group 3 - Investigate
00QV500000CUmwLMAT,Group 3 - Investigate
00QV500000DoTdzMAF,Group 3 - Investigate
00QV500000ERWVBMA5,Group 3 - Investigate
00QV500000GEJo5MAH,Group 3 - Investigate
00QV500000GEW3dMAH,Group 3 - Investigate
00QV500000GKdBdMAL,Group 3 - Investigate
00QV500000GMToaMAH,Group 3 - Investigate
00QV500000GMUr4MAH,Group 3 - Investigate
00QV500000GbcukMAB,Group 3 - Investigate
00QV500000GpNHVMA3,Group 3 - Investigate
00QV500000H6XQzMAN,Group 3 - Investigate
00QV500000H6YurMAF,Group 3 - Investigate
00QV500000HhSvJMAV,Group 3 - Investigate
00QV500000Hv06NMAR,Group 3 - Investigate
00QV500000Hv0PsMAJ,Group 3 - Investigate
00QV500000ID6MzMAL,Group 3 - Investigate
00QV500000J4MLaMAN,Group 3 - Investigate
00QV500000JN6RbMAL,Group 3 - Investigate
00QV500000JaC33MAF,Group 3 - Investigate
00QV500000KisUHMAZ,Group 3 - Investigate
00QV500000KjuwzMAB,Group 3 - Investigate
00QV500000LYBmXMAX,Group 3 - Investigate
00QV500000M9LOoMAN,Group 3 - Investigate
00QV500000MJ1RxMAL,Group 3 - Investigate
00QV500000PDf8bMAD,Group 3 - Investigate
00QV500000Pr5ZWMAZ,Group 3 - Investigate
00QV500000PtCgRMAV,Group 3 - Investigate
00QV500000PtCjZMAV,Group 3 - Investigate
00QV500000PtCjhMAF,Group 3 - Investigate
00QV500000PtCjiMAF,Group 3 - Investigate
00QV500000QbpvrMAB,Group 3 - Investigate
00QV500000QvO3RMAV,Group 3 - Investigate
00QV500000QwBvRMAV,Group 3 - Investigate
00QV500000QwjH9MAJ,Group 3 - Investigate
00QV500000R1AFVMA3,Group 3 - Investigate
00QV500000R3vrpMAB,Group 3 - Investigate
00QV500000R3wWAMAZ,Group 3 - Investigate
00QV500000R4zetMAB,Group 3 - Investigate
00QV500000R7sFVMAZ,Group 3 - Investigate
00QV500000R8vj7MAB,Group 3 - Investigate
00QV500000REihZMAT,Group 3 - Investigate
00QV500000RI6lmMAD,Group 3 - Investigate
00QV500000RI6lnMAD,Group 3 - Investigate
00QV500000RI6vSMAT,Group 3 - Investigate
00QV500000RIFCMMA5,Group 3 - Investigate
00QV500000RIYRtMAP,Group 3 - Investigate
00QV500000RIZEHMA5,Group 3 - Investigate
00QV500000RIolCMAT,Group 3 - Investigate
00QV500000RJAlhMAH,Group 3 - Investigate
00QV500000RKpWjMAL,Group 3 - Investigate
00QV500000RLcvcMAD,Group 3 - Investigate
00QV500000RN598MAD,Group 3 - Investigate
00QV500000ROD7wMAH,Group 3 - Investigate
00QV500000ROX3OMAX,Group 3 - Investigate
00QV500000ROaduMAD,Group 3 - Investigate
00QV500000RPVsIMAX,Group 3 - Investigate
00QV500000RR43BMAT,Group 3 - Investigate
00QV500000RSGVWMA5,Group 3 - Investigate
00QV500000RSg1aMAD,Group 3 - Investigate
00QV500000RTGeaMAH,Group 3 - Investigate
00QV500000RVHmbMAH,Group 3 - Investigate
00QV500000RVKMIMA5,Group 3 - Investigate
00QV500000RZ1w9MAD,Group 3 - Investigate
00QV500000RaeDtMAJ,Group 3 - Investigate
00QV500000RatGPMAZ,Group 3 - Investigate
00QV500000RdxYZMAZ,Group 3 - Investigate
00QV500000RhyJ8MAJ,Group 3 - Investigate
00QV500000RpZlnMAF,Group 3 - Investigate
00QV500000RsXM1MAN,Group 3 - Investigate
00QV500000RxqO3MAJ,Group 3 - Investigate
00QV500000RyPnCMAV,Group 3 - Investigate
00QV500000RybehMAB,Group 3 - Investigate
00QV500000S00fqMAB,Group 3 - Investigate
00QV500000S4Cs5MAF,Group 3 - Investigate
00QV500000S4KXuMAN,Group 3 - Investigate
00QV500000S8oxCMAR,Group 3 - Investigate
00QV500000SA0TJMA1,Group 3 - Investigate
00QV500000SIMuoMAH,Group 3 - Investigate
00QV500000SIPHbMAP,Group 3 - Investigate
00QV500000SIUfXMAX,Group 3 - Investigate
00QV500000SJ3DOMA1,Group 3 - Investigate
00QV500000SJ86dMAD,Group 3 - Investigate
00QV500000SJ9UAMA1,Group 3 - Investigate
00QV500000SNEdFMAX,Group 3 - Investigate
00QV500000SNEdHMAX,Group 3 - Investigate
00QV500000SNFZJMA5,Group 3 - Investigate
00QV500000SNVXeMAP,Group 3 - Investigate
00QV500000SQ80DMAT,Group 3 - Investigate
00QV500000SQUFGMA5,Group 3 - Investigate
00QV500000SR2X5MAL,Group 3 - Investigate
00QV500000ST7AvMAL,Group 3 - Investigate
00QV500000STENhMAP,Group 3 - Investigate
00QV500000STG1IMAX,Group 3 - Investigate
00QV500000STMEkMAP,Group 3 - Investigate
00QV500000STUdhMAH,Group 3 - Investigate
00QV500000STUdiMAH,Group 3 - Investigate
00QV500000STXoTMAX,Group 3 - Investigate
00QV500000STcTDMA1,Group 3 - Investigate
00QV500000STksDMAT,Group 3 - Investigate
00QV500000STwi1MAD,Group 3 - Investigate
00QV500000SU3DFMA1,Group 3 - Investigate
00QV500000SU3DGMA1,Group 3 - Investigate
00QV500000SU4yvMAD,Group 3 - Investigate
00QV500000SU64fMAD,Group 3 - Investigate
00QV500000SUoqsMAD,Group 3 - Investigate
00QV500000SZAHKMA5,Group 3 - Investigate
00QV500000SZAkNMAX,Group 3 - Investigate
00QV500000SZaYNMA1,Group 3 - Investigate
00QV500000Sa8i6MAB,Group 3 - Investigate
00QV500000SaMtwMAF,Group 3 - Investigate
00QV500000SblzAMAR,Group 3 - Investigate
00QV500000SdMWpMAN,Group 3 - Investigate
00QV500000ShBksMAF,Group 3 - Investigate
00QV500000ShOWpMAN,Group 3 - Investigate
00QV500000ShVrnMAF,Group 3 - Investigate
00QV500000Shb4FMAR,Group 3 - Investigate
00QV500000Shjt2MAB,Group 3 - Investigate
00QV500000ShyopMAB,Group 3 - Investigate
00QV500000TBBnRMAX,Group 3 - Investigate
00QV500000TDmSkMAL,Group 3 - Investigate
00QV500000TJYzoMAH,Group 3 - Investigate
00QV500000TJnCPMA1,Group 3 - Investigate
00QV500000TMXFxMAP,Group 3 - Investigate
00QV500000TPVG1MAP,Group 3 - Investigate
00QV500000TX3EYMA1,Group 3 - Investigate
00QV500000TZv2kMAD,Group 3 - Investigate
00QV500000TcOYVMA3,Group 3 - Investigate
00QV500000TcVoTMAV,Group 3 - Investigate
00QV500000Tgo9OMAR,Group 3 - Investigate
00QV500000TjBUwMAN,Group 3 - Investigate
00QV500000TkspWMAR,Group 3 - Investigate
00QV500000TlepLMAR,Group 3 - Investigate
00QV500000TltrbMAB,Group 3 - Investigate
00QV500000Tm9jRMAR,Group 3 - Investigate
00QV500000TpnUDMAZ,Group 3 - Investigate
00QV500000TtBQNMA3,Group 3 - Investigate
00QV500000TvAl7MAF,Group 3 - Investigate
00QV500000TvHTFMA3,Group 3 - Investigate
00QV500000TvOePMAV,Group 3 - Investigate
00QV500000TyGxGMAV,Group 3 - Investigate
00QV500000TzJt4MAF,Group 3 - Investigate
00QV500000U8L61MAF,Group 3 - Investigate
00QV500000U9Ja1MAF,Group 3 - Investigate
00QV500000UCo31MAD,Group 3 - Investigate
00QV500000UKNf9MAH,Group 3 - Investigate
00QV500000UN0KdMAL,Group 3 - Investigate
00QV500000UN0KeMAL,Group 3 - Investigate
00QV500000UN0KfMAL,Group 3 - Investigate
00QV500000UN1LVMA1,Group 3 - Investigate
00QV500000UN46TMAT,Group 3 - Investigate
00QV500000UN46UMAT,Group 3 - Investigate
00QV500000UQAIeMAP,Group 3 - Investigate
00QV500000UQj0ZMAT,Group 3 - Investigate
00QV500000UU4MhMAL,Group 3 - Investigate
00QV500000UdWoRMAV,Group 3 - Investigate
00QV500000UdiUYMAZ,Group 3 - Investigate
00QV500000UeAlmMAF,Group 3 - Investigate
00QV500000UnW3uMAF,Group 3 - Investigate
00QV500000Us9EkMAJ,Group 3 - Investigate
00QV500000UtglNMAR,Group 3 - Investigate
00QV500000UwlGgMAJ,Group 3 - Investigate
00QV500000UxM03MAF,Group 3 - Investigate
00QV500000V3Mq9MAF,Group 3 - Investigate
00QV500000V3YJTMA3,Group 3 - Investigate
00QV500000V5brVMAR,Group 3 - Investigate
00QV500000VB0SgMAL,Group 3 - Investigate
00QV500000VBN7XMAX,Group 3 - Investigate
00QV500000VD1SgMAL,Group 3 - Investigate
00QV500000VD6fKMAT,Group 3 - Investigate
00QV500000VJqnRMAT,Group 3 - Investigate
00QV500000VMwukMAD,Group 3 - Investigate
00QV500000VN2TtMAL,Group 3 - Investigate
00QV500000VNfbhMAD,Group 3 - Investigate
00QV500000VRGRpMAP,Group 3 - Investigate
00QV500000VRNhuMAH,Group 3 - Investigate
00QV500000VSeAPMA1,Group 3 - Investigate
00QV500000VUrVCMA1,Group 3 - Investigate
00QV500000VVCW5MAP,Group 3 - Investigate
00QV500000VVwSVMA1,Group 3 - Investigate
00QV500000VbLA6MAN,Group 3 - Investigate
00QV500000VbLIDMA3,Group 3 - Investigate
00QV500000Vbj5yMAB,Group 3 - Investigate
00QV500000Vc9DJMAZ,Group 3 - Investigate
00QV500000VdX2LMAV,Group 3 - Investigate
00QV500000VdggjMAB,Group 3 - Investigate
00QV500000Vn76ZMAR,Group 3 - Investigate
00QV500000VpweQMAR,Group 3 - Investigate
00QV500000VxR5aMAF,Group 3 - Investigate
00QV500000W2apmMAB,Group 3 - Investigate
00QV500000W5HImMAN,Group 3 - Investigate
00QV500000WBQEVMA5,Group 3 - Investigate
00QV500000WBU3aMAH,Group 3 - Investigate
00QV500000WL6HiMAL,Group 3 - Investigate
00QV500000WSyTVMA1,Group 3 - Investigate
00QV500000WTKQmMAP,Group 3 - Investigate
00QV500000WblWzMAJ,Group 3 - Investigate
00QV500000WfCnZMAV,Group 3 - Investigate
00QV500000Wh2LtMAJ,Group 3 - Investigate
00QV500000Wh4pAMAR,Group 3 - Investigate
00QV500000WmQaTMAV,Group 3 - Investigate
00QV500000Wp8M5MAJ,Group 3 - Investigate
00QV500000WphlnMAB,Group 3 - Investigate
00QV500000Ww9gSMAR,Group 3 - Investigate
00QV500000WxBQ2MAN,Group 3 - Investigate
00QV500000WxKWZMA3,Group 3 - Investigate
00QV500000WxTA1MAN,Group 3 - Investigate
00QV500000WxndNMAR,Group 3 - Investigate
00QV500000X3phKMAR,Group 3 - Investigate
00QV500000X4KtFMAV,Group 3 - Investigate
00QV500000XBD8cMAH,Group 3 - Investigate
00QV500000XEg2pMAD,Group 3 - Investigate
00QV500000XHBdaMAH,Group 3 - Investigate
00QV500000XJW9FMAX,Group 3 - Investigate
00QV500000XKSTPMA5,Group 3 - Investigate
00QV500000XQWm2MAH,Group 3 - Investigate
00QV500000XUPNlMAP,Group 3 - Investigate
00QV500000XUxNpMAL,Group 3 - Investigate
00QV500000XXXQTMA5,Group 3 - Investigate
00QV500000XXrddMAD,Group 3 - Investigate
00QV500000XYhFdMAL,Group 3 - Investigate
00QV500000XYs4bMAD,Group 3 - Investigate
00QV500000XbYnnMAF,Group 3 - Investigate
00QV500000Xcby1MAB,Group 3 - Investigate
00QV500000XfMb5MAF,Group 3 - Investigate
00QV500000Xff95MAB,Group 3 - Investigate
00QV500000XlRudMAF,Group 3 - Investigate
00QV500000XpjL4MAJ,Group 3 - Investigate
00QV500000XprSKMAZ,Group 3 - Investigate
00QV500000Xq0LwMAJ,Group 3 - Investigate
00QV500000XyxmzMAB,Group 3 - Investigate
00QV500000XyyMTMAZ,Group 3 - Investigate
00QV500000XyyMUMAZ,Group 3 - Investigate
00QV500000XyyMVMAZ,Group 3 - Investigate
00QV500000XyyMWMAZ,Group 3 - Investigate
00QV500000XyyMXMAZ,Group 3 - Investigate
00QV500000XzPuXMAV,Group 3 - Investigate
00QV500000Y3Y6SMAV,Group 3 - Investigate
00QV500000YEcoDMAT,Group 3 - Investigate
00QV500000YFfdZMAT,Group 3 - Investigate
00QV500000YbwhPMAR,Group 3 - Investigate
00QV500000YnzEtMAJ,Group 3 - Investigate
00QV500000YnzEuMAJ,Group 3 - Investigate
00QV500000YnzEvMAJ,Group 3 - Investigate
00QV500000YnzEwMAJ,Group 3 - Investigate
00QV500000ZC5XeMAL,Group 3 - Investigate
00QV500000ZC5XfMAL,Group 3 - Investigate
00QV500000ZDhc6MAD,Group 3 - Investigate
00QV500000ZIE0LMAX,Group 3 - Investigate
00QV500000ZN17MMAT,Group 3 - Investigate
00QV500000ZO13dMAD,Group 3 - Investigate
00QV500000ZOia1MAD,Group 3 - Investigate
00QV500000ZQslSMAT,Group 3 - Investigate
00QV500000ZQslTMAT,Group 3 - Investigate
00QV500000ZQslUMAT,Group 3 - Investigate
00QV500000ZR7uAMAT,Group 3 - Investigate
00QV500000ZR7uBMAT,Group 3 - Investigate
00QV500000ZR7uCMAT,Group 3 - Investigate
00QV500000ZR9skMAD,Group 3 - Investigate
00QV500000ZR9slMAD,Group 3 - Investigate
00QV500000ZR9smMAD,Group 3 - Investigate
00QV500000ZRGNvMAP,Group 3 - Investigate
00QV500000ZRJaxMAH,Group 3 - Investigate
00QV500000ZRJayMAH,Group 3 - Investigate
00QV500000ZUGTIMA5,Group 3 - Investigate
00QV500000ZUGTJMA5,Group 3 - Investigate
00QV500000ZqcMsMAJ,Group 3 - Investigate
00QV500000ZuyJuMAJ,Group 3 - Investigate
00QV500000a1yILMAY,Group 3 - Investigate
00QV500000a6qKCMAY,Group 3 - Investigate
00QV500000a7qraMAA,Group 3 - Investigate
